title,abstract,date,doi,search_date
Identification of non-synonymous SNPs affecting structure and function of MLH1 and NBN proteins: a computational approach.,"The genes NBN and MLH1 are critical for DNA repair, and this study aimed to detect and predict the effects of pathogenic single nucleotide polymorphisms (SNPs) in their mRNA and protein sequences. An in silico analysis assessed the impact of SNPs on the physicochemical properties, structure, stability, and function of MLH1 and NBN proteins. Results revealed that some SNPs significantly alter protein stability, structure, and binding interactions, potentially impairing DNA repair. Molecular docking studies further indicated disruptions in protein-protein interactions due to specific SNPs. These findings underscore the importance of using in silico methods to predict the functional effects of genetic variations, providing insights that could guide personalized treatments and improve cancer detection.",2025-05-02,10.1007/s13353-025-00968-2,2025/05/01
An intranasal subunit vaccine induces protective systemic and mucosal antibody immunity against respiratory viruses in mouse models.,"Although vaccines are usually given intramuscularly, the intranasal delivery route may lead to better mucosal protection and limit the spread of respiratory virus while easing administration and improving vaccine acceptance. The challenge, however, is to achieve delivery across the selective epithelial cell barrier. Here we report on a subunit vaccine platform, in which the antigen is genetically fused to albumin to facilitate FcRn-mediated transport across the mucosal barrier in the presence of adjuvant. Intranasal delivery in conventional and transgenic mouse models induces both systemic and mucosal antigen-specific antibody responses that protect against challenge with SARS-CoV-2 or influenza A. When benchmarked against an intramuscularly administered mRNA vaccine or an intranasally administered antigen fused to an alternative carrier of similar size, only the albumin-based intranasal vaccine yields robust mucosal IgA antibody responses. Our results thus suggest that this needle-free, albumin-based vaccine platform may be suited for vaccination against respiratory pathogens.",2025-05-01,10.1038/s41467-025-59353-6,2025/05/01
Molecular structure and protein function of mitochondrial fusion protein Mfn2 alleviate Alzheimer's disease: exercise assisted regulation.,"Alzheimer's disease is a neurodegenerative disease that affects cognitive function. Recent studies have shown that mitochondrial dysfunction plays an important role in its pathological process. The mitochondrial fusion protein Mfn2 plays a crucial role in maintaining mitochondrial function and cellular health. The aim of this study is to explore the molecular structure of mitochondrial fusion protein Mfn2 and its role in Alzheimer's disease, combined with the effects of exercise assisted regulation, to evaluate its potential in alleviating symptoms. By constructing a brain model of Alzheimer's disease, conducting pathological analysis and molecular dynamics simulations, we aim to explore the relationship between the disease and mitochondrial function. Analyze the molecular structure of Mfn2, study its role in normal and pathological states, and evaluate its impact on Mfn2 and mitochondrial function through exercise intervention. The study demonstrated the typical pathological features of Alzheimer's disease and confirmed the relationship between mitochondrial dysfunction and disease progression. The structural analysis of mitochondrial fusion protein Mfn2 indicates its importance in promoting mitochondrial fusion. Exercise intervention significantly increased the expression of Mfn2 and improved mitochondrial function, further alleviating pathological changes associated with Alzheimer's disease.",2025-04-29,10.1016/j.ijbiomac.2025.143696,2025/05/01
Design of Recombinant Bacteriocin Fusion Protein and Evaluation of its Anticancer and Antibacterial Activity.,"Gastrointestinal cancer is the fifth most common cause of cancer in the world, and its treatment is currently challenging. Bacteriocins are cationic proteins that are produced by the ribosome. Many bacteriocins exhibit cytotoxicity against cancer cells and are attractive candidates for future research. In this study, the anticancer and antibacterial activity of a recombinant six bacteriocin fusion protein bifidocin, enterocin, nisin, thermophilin, epidermycin, and colicin (BENTEC) was investigated against the AGS cancer cell line and important gram-positive and gram-negative pathogens.",2025-04-29,10.1016/j.micpath.2025.107633,2025/05/01
Design of potent and proteolytically stable double biaryl-stapled GLP-1R/GIPR peptide dual agonists.,"The successful treatment of type 2 diabetes and obesity with tirzepatide highlights the dual agonists of glucagon-like peptide-1 receptor (GLP-1R) and glucose-dependent insulinotropic peptide receptor (GIPR) as a powerful new generation of anti-diabetic drugs. However, tirzepatide and other GLP-1R/GIPR dual agonists currently in clinical development are linear peptides susceptible to proteolytic cleavage, thus preventing their uses as oral drugs. Previously, we reported the design of the proteolytically stable GLP-1R/GIPR peptide dual agonists via sidechain biaryl stapling. Although the stapled peptides exhibit improved proteolytic stability, they are still not sufficiently stable for oral delivery. Here, we report on the design and synthesis of more stable GLP-1R/GIPR dual agonists through a combined use of double biaryl stapling and α-methylation. One of the double-stapled and α-methylated peptides, DA23-Bpy<sup>10,17</sup>Bpy<sup>21,28</sup>, showed more potent and balanced dual agonist activities than tirzepatide, a half-life of 30 min in simulated intestinal fluid, and equal glucose lowering activity compared to semaglutide in oral glucose tolerance test in rodents. These potent and proteolytically stable double biaryl-stapled analogs should provide valuable lead peptides for developing oral GLP-1R/GIPR dual agonist drugs to treat diabetes and obesity.",2025-04-26,10.1016/j.bmc.2025.118215,2025/05/01
Formation of tiger nut protein fibrils through self-assembly and different nuclei-induced pathways: Focus on structure and core peptide region.,"Tiger nut protein fibrils (TNPFs) were prepared through three pathways: self-assembly (TNPF), Homogeneous nuclei (HN)-induced (HN-TNPF), and Secondary nuclei (SN)-induced (SN-TNPF). Differences in morphology, structure, and formation mechanisms among the three TNPFs were examined. HN and SN, serving as fibrillation seeds, enhanced both fibril production and fibrillation rate. Compared to TNPF, the addition of HN and SN shortening the lag time from 3 (TNPF) to 2.2 (HN-TNPF) and 1.89 h (SN-TNPF), respectively. All three TNPFs exhibited fibril structures, notably, SN-TNPF displayed bifurcations on the trunk. Regarding secondary structure, a transition from α-helix to β-sheet was observed in all samples. The dynamic evolution of tertiary structure demonstrated that fibrillation was driven by non-covalent interactions and disulfide bond. After hydrolysis, the identification of specific peptides by LC-MS/MS and core region prediction using AMYLPRED2 showed 89.29 %, 82.22 %, and 89.74 % of peptide sequences in TNPF, HN-TNPF, and SN-TNPF, respectively, possessed fibril forming potential.",2025-04-28,10.1016/j.foodchem.2025.144557,2025/05/01
Dual-Site Targeting by Peptide Inhibitors of the N-Terminal Domain of Hsp90: Mechanism and Design.,"Heat shock protein 90 (Hsp90) is a pivotal molecular chaperone crucial in the maturation of client proteins, positioning it as a significant target for cancer therapy. However, the design of effective Hsp90 inhibitors presents substantial challenges due to the complex interaction network and the requisite specificity of the inhibitors. This study tackles the task of designing peptide inhibitors capable of concurrently binding to both the ATP-binding pocket and the Cdc37-binding site within the N-terminal domain of Hsp90. In response to these challenges, we developed an advanced peptide screening protocol that merges machine learning with various molecular simulation techniques to boost the identification and optimization of potent inhibitors. Our integrated approach employs a convolutional neural network-based framework to predict peptide binding propensities. This predictive model is augmented by comprehensive molecular docking and dynamic simulations to assess the stability and interaction dynamics of Hsp90/peptide complexes. We successfully identified three heptapeptides that demonstrate the ability to interact with both binding sites, effectively obstructing the entrance to the ATP-binding pocket. This study elucidates the inhibitory mechanisms of these peptides, paves the way for the development of more efficacious therapeutic agents targeting Hsp90, and underscores the value of integrating machine learning techniques with molecular modeling in the peptide design process.",2025-05-01,10.1021/acs.jcim.5c00629,2025/05/01
Predicted risk genotypes to cardiovascular diseases based on cholesterol ester transfer protein (CETP -rs708272) and lipoprotein lipase (LPL -rs13702) variants in worldwide populations: highest risk in populations with Native American ancestry.,"The human genetic variability mainly involves single nucleotide variants (SNVs) that determine the characteristics among individuals. Some gene variants related to the lipid metabolism have demonstrated their importance to generate susceptibility to some metabolic diseases, such as those in the Cholesterol Ester Transfer Protein (CETP) and Lipoprotein Lipase (LPL) genes.",2025-05-01,10.1007/s11033-025-10537-9,2025/05/01
A responsive living material prepared by diffusion reveals extracellular enzyme activity of cyanobacteria.,"Stimuli-responsive engineered living materials (ELMs) can respond to environmental or biochemical cues and have broad utility in biological sensors and machines, but have traditionally been limited to biocompatible scaffolds. This is because they are typically made by mixing cells into a precursor solution before crosslinking. Here, we demonstrate a diffusion mechanism for incorporating cells of the cyanobacterium <i>Synechococcus elongatus</i> sp. PCC 7942 (<i>S. elongatus</i>) into nanoclay-poly-N-isopropylacrylamide (NC-PNIPAm), a hydrogel with a cytotoxic precursor, by exploiting its temperature-dependent shape-morphing behavior. Subsequent growth of <i>S. elongatus</i> caused a decrease in the bending curvature and stiffness (local Young's modulus) of NC-PNIPAm due to partial degradation by an unannotated enzyme. Creation and observation of this cyanobacteria-hydrogel ELM showcases a method for diffusing cells into a hydrogel as well as characterizing an extracellular enzyme.",2025-05-01,10.1073/pnas.2424405122,2025/05/01
EVOLVE: A Web Platform for AI-Based Protein Mutation Prediction and Evolutionary Phase Exploration.,"While predicting structure-function relationships from sequence data is fundamental in biophysical chemistry, identifying prospective single-point and collective mutation sites in proteins can help us stay ahead in understanding their potential effects on protein structure and function. Addressing the challenges of large sequence-space analysis, we present EVOLVE, a web tool enabling researchers to explore prospective mutation sites and their collective behavior. EVOLVE integrates a statistical mechanics-guided machine learning algorithms to predict probable mutational sites, with statistical mechanics calculating mutational entropy to accurately identify mutational hotspots. Validation against a number of viral protein sequences confirms its ability to predict mutations and their functional consequences. By leveraging statistical mechanics of phase transition concept, EVOLVE also quantifies mutational entropy fluctuations, offering a quantitative foundation for identifying Variants of Concern (VOC) or Variants under Monitoring (VUM) as per World Health Organization (WHO) guidelines. EVOLVE streamlines data upload and analysis with a user-friendly interface and comprehensive tutorials. Access EVOLVE free at https://evolve-iiserkol.com.",2025-05-01,10.1021/acs.jcim.5c00026,2025/05/01
Prognostic value of serum C-reactive protein in idiopathic multicentric Castleman disease and construction of a prognostic model for patients.,"Idiopathic Multicentric Castleman disease (iMCD) is a type of the rare lymphoproliferative diseases. C-reactive protein (CRP) is a well-recognized biomarker of inflammation, frequently exhibits elevated levels in individuals diagnosed with iMCD. However, its prognostic value of this factor in iMCD remains uncertain.",2025-04-16,10.3389/fmed.2025.1544250,2025/05/01
Dr. Kinase: predicting the drug-resistance hotspots of protein kinases.,"Protein kinases (PKs) regulate various cellular functions, and are targeted by small-molecule kinase inhibitors (KIs) in cancers and other diseases. However, drug resistance (DR) of KIs occurs through critical mutations in four types of representative hotspots, including gatekeeper, G-loop, αC-helix, and A-loop. KI DR has become a common clinical complication affecting multiple cancers, targeted kinases, and drugs. To tackle this challenge, we report an upgraded web server, namely Dr. Kinase, for predicting the loci of four DR hotspots and assessing effects of mutations on DR hotspots for PKs in our previous studies, by utilizing multimodal features and deep hybrid learning. The performance of Dr. Kinase has been rigorously evaluated using independent testing, demonstrating excellent accuracy with area under the curve values exceeding 0.89 in different types of DR hotspot predictions. We further conducted in silico analyses to evaluate and validate the epidermal growth factor receptor mutations on protein conformation and KIs' binding efficacy. Dr. Kinase is freely available at http://modinfor.com/drkinase, with comprehensive annotations and visualizations. We anticipate that Dr. Kinase will be a highly useful service for the basic, translational, and clinical community to unveil the molecular mechanisms of DR and the development of next-generation KIs for emerging cancer precision medicine.",2025-05-01,10.1093/nar/gkaf366,2025/05/01
Structure of the complex of C1q-like 3 protein with adhesion-GPCR BAI3.,"The adhesion-GPCR Brain-specific Angiogenesis Inhibitor-3 (BAI3) plays a crucial role in organizing synapses in the brain. However, how BAI3 engages one of its ligands, the C1q-like proteins (C1qls), remains largely unexplored. Here, we present the single-particle cryo-electron microscopy (cryo-EM) structure of the C1ql3-BAI3 complex at 2.8 Å resolution. The structure reveals a hexameric configuration, where C1ql3 forms a central homotrimer that effectively captures three BAI3 molecules. These BAI3 molecules fit snugly into the grooves between the trimeric C1q domains of the C1qls, employing calcium ion (Ca<sup>2+</sup>)-mediated interactions that differ from previously characterized structures of C1q-like domain-mediated complexes. Furthermore, we conducted mutant analysis and cell surface staining, which confirmed the essential contact residues involved in this interaction. This unique binding mechanism not only enhances our understanding of the C1ql-BAI3-mediated synaptic organization but also sheds light on the functional dynamics of BAI3 in the brain.",2025-05-03,10.1038/s42003-025-08112-w,2025/05/02
Precise modulation of protein refolding by rationally designed covalent organic frameworks.,"Precisely regulating protein conformation (folding) for biomanufacturing and biomedicine is of great significance but remains challenging. In this work, we innovate a covalent organic framework (COF)-directed protein refolding strategy to modulate protein conformation by rationally designed covalent organic frameworks with adapted pore structures and customizable microenvironments. The conformation of denatured protein can be efficiently recovered through a simple one-step approach using covalent organic framework treatment in aqueous or buffer solutions. This strategy demonstrates high generality that can be applied to various proteins (for example, lysozyme, glucose oxidase, trypsin, nattokinase, and papain) and diverse covalent organic frameworks. An in-depth investigation of the refolding mechanism reveals that pore size and microenvironments such as hydrophobicity, π-π conjugation, and hydrogen bonding are critical to regulating protein conformation. Furthermore, we use this covalent organic framework platform to build up solid-phase columns for continuous protein recovery and achieved a ~ 100% refolding yield and excellent recycling performance (30 cycles), enabling an integrated process for the extracting and refolding denatured proteins (such as the harvest of protein in inclusion bodies). This study creates a highly efficient and customizable covalent organic framework platform for precisely regulating proteins refolding and enhancing their performance, opening up a new avenue for advanced protein manufacturing.",2025-05-03,10.1038/s41467-025-59368-z,2025/05/02
"Design, Synthesis, and Evaluation of a Novel Positron Emission Tomography Tracer Targeting Fibroblast Activation Protein: From Bench to Bedside.","FAPI-PET/CT has become a promising tool for cancer diagnosis. However, the pharmacokinetic properties of FAPI tracers need optimization. Here, we developed a novel FAPI tracer, [<sup>18</sup>F]AlF-NOTA-SP<sub>2</sub>A-FAPT, for cancer imaging. NOTA-SP<sub>2</sub>A-FAPT was successfully synthesized and radiolabeled with a high radiochemical purity. [<sup>18</sup>F]AlF-NOTA-SP<sub>2</sub>A-FAPT displayed satisfying stability, hydrophilicity, and affinity to FAP, as well as specific uptake in A549-FAP cells. Micro-PET/CT showed that [<sup>18</sup>F]AlF-NOTA-SP<sub>2</sub>A-FAPT is rapidly excreted through the renal system. [<sup>18</sup>F]AlF-NOTA-SP<sub>2</sub>A-FAPT exhibited high tumor uptake and excellent retention, showing better tumor delineation compared to [<sup>18</sup>F]FDG and [<sup>18</sup>F]AlF-NOTA-FAPI-42. Pilot clinical studies of [<sup>18</sup>F]AlF-NOTA-SP<sub>2</sub>A-FAPT and head-to-head comparison with [<sup>18</sup>F]FDG were performed on 13 cancer patients. Compared to [<sup>18</sup>F]FDG, [<sup>18</sup>F]AlF-NOTA-SP<sub>2</sub>A-FAPT had higher uptake in primary tumor and lymph node metastases as well as favorable distribution and good tumor retention. In conclusion, [<sup>18</sup>F]AlF-NOTA-SP<sub>2</sub>A-FAPT demonstrated high tumor accumulation, as well as improved pharmacokinetic properties. [<sup>18</sup>F]AlF-NOTA-SP<sub>2</sub>A-FAPT could emerge as a promising alternative to the currently established FAPI tracers.",2025-05-02,10.1021/acs.jmedchem.4c02961,2025/05/02
AdptDilatedGCN: Protein-ligand binding affinity prediction based on multi-scale interaction fusion mechanism and dilated GCN.,"Predicting protein-ligand binding affinity is crucial for drug discovery. However, existing prediction methods often make insufficient use of the features of proteins and ligands, lack interactions between different information, and have difficulty in capturing and integrating both fine- and coarse-grained information of proteins and ligands at the same time. Therefore, we propose a deep learning method called AdptDilatedGCN, which fully interacts with protein and ligand features through multi-scale interaction and fusion mechanism, mining potential fine-grained and coarsely grained information and fusing it, combining skip connections and multi-scale fusion strategy to improve feature utilization and enhance features. In the model, dilated Graph Convolutional Network(GCN) combines multi-head attention mechanism and dilated convolution to overcome the limitations of traditional GCN, while taking into account the interactions between amino acid nodes in the protein graph. In addition, an adaptive Gated Recurrent Unit(GRU) is designed to dynamically enhance the model's ability to integrate multi-source information in adaptive GCN. The Vina weights obtained from AutoDock Vina are used to supplement and further enhance the features learned from GCN. Finally, The model achieves Pearson correlation coefficients of 0.837 and 0.803 on the CASF-2016 and CASF-2013 public test sets, respectively.",2025-04-30,10.1016/j.ijbiomac.2025.143751,2025/05/02
Ribo-seq guided design of enhanced protein secretion in Komagataella phaffii.,"The production of recombinant proteins requires the precise coordination of various biological processes, including protein synthesis, folding, trafficking, and secretion. The overproduction of a heterologous protein can impose various bottlenecks on these networks. Identifying and alleviating these bottlenecks can guide strain engineering efforts to enhance protein production. The methylotrophic yeast Komagataella phaffii is used for its high capacity to produce recombinant proteins. Here, we use ribosome profiling to identify bottlenecks in protein secretion during heterologous expression of human serum albumin (HSA). Validation of this analysis showed that the knockout of non-essential genes whose gene products target the ER, through co- and post-translational mechanisms, and have high ribosome utilization can increase production of a heterologous protein, HSA. A triple knockout in co-translationally translocated carbohydrate and acetate transporter Gal2p, cell wall maintenance protein Ydr134cp, and the post-translationally translocated cell wall protein Aoa65896.1 increased HSA production by 35%. This data-driven strain engineering approach uses cell-level information to identify gene targets for phenotype improvement. This specific case identifies hits and creates strains with improved HSA production, with Ribo-seq and bioinformatic analysis to identify non-essential ER targeted proteins that are high ribosome utilizers.",2025-04-30,10.1016/j.ymben.2025.04.007,2025/05/02
PSTP: accurate residue-level phase separation prediction using protein conformational and language model embeddings.,"Phase separation (PS) is essential in cellular processes and disease mechanisms, highlighting the need for predictive algorithms to analyze uncharacterized sequences and accelerate experimental validation. Current high-accuracy methods often rely on extensive annotations or handcrafted features, limiting their generalizability to sequences lacking such annotations and making it difficult to identify key protein regions involved in PS. We introduce Phase Separation's Transfer-learning Prediction (PSTP), which combines conformational embeddings with large language model embeddings, enabling state-of-the-art PS predictions from protein sequences alone. PSTP performs well across various prediction scenarios and shows potential for predicting novel-designed artificial proteins. Additionally, PSTP provides residue-level predictions that are highly correlated with experimentally validated PS regions. By analyzing 160 000+ variants, PSTP characterizes the strong link between the incidence of pathogenic variants and residue-level PS propensities in unconserved intrinsically disordered regions, offering insights into underexplored mutation effects. PSTP's sliding-window optimization reduces its memory usage to a few hundred megabytes, facilitating rapid execution on typical CPUs and GPUs. Offered via both a web server and an installable Python package, PSTP provides a versatile tool for decoding protein PS behavior and supporting disease-focused research.",2025-05-03,10.1093/bib/bbaf171,2025/05/02
A rationally designed injury kidney targeting peptide library and its application in rescuing acute kidney injury.,"Acute kidney injury (AKI) has high incidence and mortality rates. Present treatments are mostly symptomatic and cause side effects due to systemic distribution; thus, targeted kidney drug delivery is desired. Transmembrane kidney injury molecule-1 (KIM1) is expressed at low levels in normal kidneys but markedly up-regulated following injury, making it an ideal marker/target for injured kidneys. Here, assisted by AlphaFold, we constructed a library of 1885 peptides that target the extracellular Ig V domain of KIM1 based on interacting fragments from 47 potential KIM1 binding proteins followed by systemic optimization according to their binding energies with KIM1. Experimental validation of top candidates (TKP 1-5) demonstrated that TKP 4 efficiently targeted injured renal cells/kidneys, with its specificity demonstrated in KIM1 knockout cells/mice. TKP 4-decorating liposomes were loaded with nystatin, a renal-protective compound with systemic side effects, and efficiently targeted injured mouse kidneys and alleviated AKI. This work establishes a virtual platform to screen/identify drug delivery candidates with broad research/therapeutic potentials.",2025-05-02,10.1126/sciadv.adt3943,2025/05/02
Enhancing privacy in biosecurity with watermarked protein design.,The biosecurity issue arises as the capability of deep learning-based protein design has rapidly increased in recent years. Current regulation procedures for DNA synthesizing focus on the biosecurity but ignore the data privacy.,2025-05-02,10.1093/bioinformatics/btaf141,2025/05/02
"Slippery Liquid-Infused Porous Surfaces Infused with Thermotropic Liquid Crystals Enable Droplet-Based, Naked-Eye Reporting of Changes in Peptide Structure and Protease Activity.","We report the design of liquid crystal-infused ""slippery"" liquid-infused porous surfaces (LC-SLIPS) that permit naked-eye detection and reporting on the structural differences and activities of peptides and protease enzymes in aqueous media. We demonstrate that small (e.g., 20 μL) droplets of aqueous solutions placed in contact with LC-SLIPS exhibit sliding behaviors that vary substantially with the concentrations, structures, and physicochemical properties (e.g., hydrophobicity) of model amphiphilic β- and α/β-peptides dissolved within them. These large differences in sliding times permit naked-eye detection and discrimination of changes in peptide structure, including side-chain substitution, end group structure, backbone structure, and charge that correlate with differences in peptide amphiphilicity. We demonstrate further that LC-SLIPS can be used to monitor other biochemical processes, including digestion by proteases, that affect changes in the structures of amphiphilic peptides and can, thus, be used to develop novel, naked-eye assays that can report sensitively on enzymatic activity. As proof of concept, we show that large and visually observable changes in droplet sliding resulting from the degradation of a model peptide can be used to detect the presence of trypsin in aqueous solutions at levels as low as 12.5 ng/mL. That result, in turn, served as the basis of an LC-SLIPS-based assay that can be used to detect clinically relevant concentrations (from 25 to 25,000 ng/mL) of trypsinogen, a well-established biomarker for acute pancreatitis, in samples of synthetic urine. This ""sliding"" assay is conceptually straightforward and requires only visual monitoring and/or a hand-held stopwatch for readout, highlighting the potential for low-cost, point-of-care diagnostics applications. Overall, our results demonstrate the ability of LC-SLIPS to capture and report structural information relevant to other therapeutic properties and applications of amphiphilic peptides that could also be useful in the context of drug design and screening.",2025-05-02,10.1021/acsami.5c02541,2025/05/02
XenoBug: machine learning-based tool to predict pollutant-degrading enzymes from environmental metagenomes.,"Application of machine learning-based methods to identify novel bacterial enzymes capable of degrading a wide range of xenobiotics offers enormous potential for bioremediation of toxic and carcinogenic recalcitrant xenobiotics such as pesticides, plastics, petroleum, and pharmacological products that adversely impact ecology and health. Using 6814 diverse substrates involved in ∼141 200 biochemical reactions, we have developed 'XenoBug', a machine learning-based tool that predicts bacterial enzymes, enzymatic reaction, the species capable of biodegrading xenobiotics, and the metagenomic source of the predicted enzymes. For training, a hybrid feature set was used that comprises 1603 molecular descriptors and linear and circular fingerprints. It also includes enzyme datasets consisting of ∼3.3 million enzyme sequences derived from an environmental metagenome database and ∼16 million enzymes from ∼38 000 bacterial genomes. For different reaction classes, XenoBug shows very high binary accuracies (>0.75) and F1 scores (>0.62). XenoBug is also validated on a set of diverse classes of xenobiotics such as pesticides, environmental pollutants, pharmacological products, and hydrocarbons known to be degraded by the bacterial enzymes. XenoBug predicted known as well as previously unreported metabolic enzymes for the degradation of molecules in the validation set, thus showing its broad utility to predict the metabolism of any input xenobiotic molecules. XenoBug is available on: https://metabiosys.iiserb.ac.in/xenobug.",2025-05-01,10.1093/nargab/lqaf037,2025/05/02
"Discovery, design, and engineering of enzymes based on molecular retrobiosynthesis.","Biosynthesis-a process utilizing biological systems to synthesize chemical compounds-has emerged as a revolutionary solution to 21st-century challenges due to its environmental sustainability, scalability, and high stereoselectivity and regioselectivity. Recent advancements in artificial intelligence (AI) are accelerating biosynthesis by enabling intelligent design, construction, and optimization of enzymatic reactions and biological systems. We first introduce the molecular retrosynthesis route planning in biochemical pathway design, including single-step retrosynthesis algorithms and AI-based chemical retrosynthesis route design tools. We highlight the advantages and challenges of large language models in addressing the sparsity of chemical data. Furthermore, we review enzyme discovery methods based on sequence and structure alignment techniques. Breakthroughs in AI-based structural prediction methods are expected to significantly improve the accuracy of enzyme discovery. We also summarize methods for de novo enzyme generation for nonnatural or orphan reactions, focusing on AI-based enzyme functional annotation and enzyme discovery techniques based on reaction or small molecule similarity. Turning to enzyme engineering, we discuss strategies to improve enzyme thermostability, solubility, and activity, as well as the applications of AI in these fields. The shift from traditional experiment-driven models to data-driven and computationally driven intelligent models is already underway. Finally, we present potential challenges and provide a perspective on future research directions. We envision expanded applications of biocatalysis in drug development, green chemistry, and complex molecule synthesis.",2025-03-28,10.1002/mlf2.70009,2025/05/02
"Correction to ""NAC4ED: A high-throughput computational platform for the rational design of enzyme activity and substrate selectivity"".",[This corrects the article DOI: 10.1002/mlf2.12154.].,2025-03-27,10.1002/mlf2.70000,2025/05/02
Comprehensive transcriptomic analysis integrating bulk and single-cell RNA-seq with machine learning to identify and validate mitochondrial unfolded protein response biomarkers in patients with ischemic stroke.,"Ischemic stroke (IS) represents a significant contributor to morbidity and mortality globally. The relationship between IS and mitochondrial unfolded protein response <math xmlns=""http://www.w3.org/1998/Math/MathML""><mrow><mo>(</mo> <mrow> <msup><mrow><mtext>UPR</mtext></mrow> <mrow><mtext>mt</mtext></mrow> </msup> </mrow> <mo>)</mo></mrow> </math> was presently uncertain. This study endeavors to explore the fundamental mechanism of <math xmlns=""http://www.w3.org/1998/Math/MathML""> <mrow> <msup><mrow><mtext>UPR</mtext></mrow> <mrow><mtext>mt</mtext></mrow> </msup> </mrow> </math> in IS by utilizing bioinformatics methods.",2025-04-17,10.3389/fcell.2025.1582252,2025/05/02
"Reduced Predicted Glycaemic Response and Inhibitory Effects on Lipid-Digesting Enzymes of Pasta Enriched With Flour of <i>Malus domestica</i> ""<i>Annurca</i> cv."" Pulp or Peel.","Pasta is widely consumed, and incorporating certain components can transform it into a functional food with health advantages. These components include antioxidants, dietary fiber, and enzyme inhibitors associated with a decreased risk of various health issues. The <i>Malus domestica</i> variety <i>Annurca</i> is abundant in bioactive compounds, making it a suitable candidate for producing functional foods. We developed durum wheat tagliatelle enriched with dried and powdered <i>Annurca</i> pulp or peels at two distinct supplementation levels (3% and 6%) on a laboratory scale. The in vitro ability to inhibit digestive enzymes and the predicted glycaemic value of the enriched pasta were evaluated. Every formulation demonstrated inhibition of <i>α</i>-amylase, <i>α</i>-glucosidase, cholesterol esterase, and lipase in vitro. All the samples exhibited a low predicted glycaemic index (pGI), ranging from 41.25 to 45.76. These low pGI values indicate that fortified pasta has a lower impact on blood sugar levels and a slower digestion rate. The predicted glycaemic indices for pasta enriched with 3% or 6% pulp flour were 18.7% and 26.7% lower, respectively, than those for control pasta with durum wheat semolina alone. The reductions were similar for peel-enriched pasta at 3% and 6% (24.4% and 24.7%, respectively). Our in vitro results indicate that <i>Annurca</i> apple-fortified pasta has lipid- and glucose-lowering effects. Adding <i>Annurca</i> fruit flour with valuable and functional compounds could be relevant for obtaining pasta with potential health benefits.",2025-04-24,10.1155/ijfo/8361330,2025/05/02
Molecular allergen sensitization profile and casein threshold determination predicting the persistence of cow's milk protein allergy in Tunisia (North Africa).,"Cow's milk protein allergy (CMPA) represents a major health concern in Tunisia, with diagnostic challenges influencing disease prognosis. Molecular allergen testing has emerged as a valuable tool to enhance diagnostic accuracy and predict disease persistence.",2025-04-17,10.3389/falgy.2025.1564564,2025/05/02
Predictive value of the preoperative C-reactive protein-to-albumin ratio for surgical site infection after percutaneous kyphoplasty: a single-center retrospective study.,This study aimed to investigate the risk factors for surgical site infection (SSI) after percutaneous kyphoplasty (PKP) and evaluate the application value of the preoperative C-reactive protein (CRP)-to-albumin ratio (CAR) in predicting SSI.,2025-04-17,10.3389/fcimb.2025.1565468,2025/05/02
Combining Mass Spectrometry with Machine Learning to Identify Novel Protein Signatures: The Example of Multisystem Inflammatory Syndrome in Children.,"Objectives We demonstrate an approach that integrates biomarker analysis with machine learning to identify protein signatures, using the example of SARS-CoV-2-induced Multisystem Inflammatory Syndrome in Children (MIS-C). Methods We used plasma samples collected from subjects diagnosed with MIS-C and compared them first to controls with asymptomatic/mild SARS-CoV-2 infection and then to controls with pneumonia or Kawasaki disease. We used mass spectrometry to identify proteins. Support vector machine (SVM) algorithm-based classification schemes were used to analyze protein pathways. We assessed diagnostic accuracy using internal and external cross-validation. Results Proteomic analysis of a training dataset containing MIS-C (N=17), and asymptomatic/mild SARS-CoV-2 infected control samples (N=20) identified 643 proteins, of which 101 were differentially expressed. Plasma proteins associated with inflammation and coagulation increased and those associated with lipid metabolism decreased in MIS-C relative to controls. The SVM machine learning algorithm identified a three-protein model (ORM1, AZGP1, SERPINA3) that achieved 90.0% specificity, 88.2% sensitivity, and 93.5% area under the curve (AUC) distinguishing MIS-C from controls in the training set. Performance was retained in the validation dataset utilizing MIS-C (N=17) and asymptomatic/mild SARS-CoV-2 infected control samples (N=10) (90.0% specificity, 84.2% sensitivity, 87.4% AUC). We next replicated our approach to compare MIS-C with similarly presenting syndromes, such as pneumonia (N=17) and Kawasaki Disease (N=13) and found a distinct three-protein signature (VWF, SERPINA3, and FCGBP) that accurately distinguished MIS-C from the other conditions (97.5% specificity, 89.5% sensitivity, 95.6% AUC). We also developed a software tool that may be used to evaluate other protein pathway signatures using our data. Conclusions We used MIS-C, a novel hyperinflammatory illness, to demonstrate that the use of mass spectrometry to identify candidate plasma proteins followed by machine learning, specifically SVM, is an efficient strategy for identifying and evaluating biomarker signatures for disease classification.",2025-04-25,10.1101/2025.04.17.25325767,2025/05/02
Plasma C-Peptide Level and Continuous Glucose Monitoring-Derived Coefficient of Variation as a Predictable Risk Factor for Hypoglycemia in Koreans with Diabetes.,,2025-04-24,10.3803/EnM.2025.2403,2025/05/02
"AI designed, mutation resistant broad neutralizing antibodies against multiple SARS-CoV-2 strains.","In this study, we developed a digital twin for SARS-CoV-2 by integrating diverse data and metadata with multiple data types and processing strategies, including machine learning, natural language processing, protein structural modeling, and protein sequence language modeling. This approach enabled us to computationally design neutralizing antibodies against over 1300 historical strains of SARS-CoV-2, encompassing 64 mutations in the receptor binding domain (RBD) region. 70 AI-designed antibodies were experimentally validated through binding assay and real viral neutralization assays against various strains, including later Omicron strains do not present in the initial design database. 14% of these antibodies exhibited strong reactivity against the RBD of multiple strains, achieving triple cross-binding hit rates using ELISA assay. 10 antibodies neutralized the cytopathic effects (CPE) of the Delta strain at IC50 values of < 10 µg/ml, and one antibody neutralized the CPE of Omicron. These findings demonstrate the potential of our approach to influence future therapeutic design for existing virus strains and predict hidden patterns in viral evolution that AI can leverage to develop emerging antiviral treatments.",2025-05-03,10.1038/s41598-025-98979-w,2025/05/03
The influence of prompt engineering on large language models for protein-protein interaction identification in biomedical literature.,"Identifying protein-protein interactions (PPIs) is a foundational task in biomedical natural language processing. While specialized models have been developed, the potential of general-domain large language models (LLMs) in PPI extraction, particularly for researchers without computational expertise, remains unexplored. This study evaluates the effectiveness of proprietary LLMs (GPT-3.5, GPT-4, and Google Gemini) in PPI prediction through systematic prompt engineering. We designed six prompting scenarios of increasing complexity, from basic interaction queries to sophisticated entity-tagged formats, and assessed model performance across multiple benchmark datasets (LLL, IEPA, HPRD50, AIMed, BioInfer, and PEDD). Carefully designed prompts effectively guided LLMs in PPI prediction. Gemini 1.5 Pro achieved the highest performance across most datasets, with notable F<sub>1</sub>-scores in LLL (90.3%), IEPA (68.2%), HPRD50 (67.5%), and PEDD (70.2%). GPT-4 showed competitive performance, particularly in the LLL dataset (87.3%). We identified and addressed a positive prediction bias, demonstrating improved performance after evaluation refinement. While not surpassing specialized models, general-purpose LLMs with appropriate prompting strategies can effectively perform PPI prediction tasks, offering valuable tools for biomedical researchers without extensive computational expertise.",2025-05-03,10.1038/s41598-025-99290-4,2025/05/03
Peptides designed based on 3C substrates exhibit antiviral efficacy in vivo.,"Enteroviruses are a large group of positive-sense single-stranded RNA viruses including numerous human pathogens such as enterovirus A71 (EV-A71), coxsackieviruses, and echoviruses. The diseases caused by these enteroviruses pose a significant threat to global public health. The 3C protein is a crucial protease in enteroviruses, responsible for cleaving the viral polyprotein into individual active proteins. This process is essential for viral replication and pathogenesis, making 3C an attractive target for the development of anti-enterovirus drugs. In this study, we designed and screened peptides based on the sequences of several substrates of the 3C protease, aiming to impact the function of the 3C protease and thereby exert antiviral effects. Ultimately, we obtained a peptide with good antiviral activity at the cellular level, which we named vp23. This peptide effectively disrupted the protease activity of 3C, provided significant in vivo protection against EV-A71, and possessed strong antiviral effects against multiple enteroviruses such as EV-A71, Coxsackievirus A16 (CV-A16), and Echovirus 11 (Echo 11). Taken together, our results suggest that targeting 3C proteases using rationally designed peptides is an effective antiviral strategy against enteroviruses.",2025-05-01,10.1016/j.antiviral.2025.106185,2025/05/03
AMPCliff: Quantitative definition and benchmarking of activity cliffs in antimicrobial peptides.,Activity cliff (AC) is a phenomenon that a pair of similar molecules differ by a small structural alternation but exhibit a large difference in their biochemical activities. This phenomenon affects various tasks ranging from virtual screening to lead optimization in drug development. The AC of small molecules has been extensively investigated but limited knowledge is accumulated about the AC phenomenon in pharmaceutical peptides with canonical amino acids.,2025-05-01,10.1016/j.jare.2025.04.046,2025/05/03
Heterogeneous Condensation on Simplified Viral Envelope Protein Structures.,"Elucidating the mechanisms of heterogeneous condensation on viral and bacterial envelopes is crucial for understanding biothreat transport phenomena and optimizing capture efficiency in condensation-based detection devices. We investigate the impact of viral envelope geometric parameters [e.g., surface structure pitch-to-diameter ratio (<i>p</i>/<i>d</i>)] due to protruding glycoproteins and surface wettability [via liquid-solid interaction intensity (<i>f</i>)] on heterogeneous condensation using molecular dynamics simulations. Complex glycoprotein structures were modeled as cylindrical pillars to analyze condensation rates and active surface areas across a range of <i>p/d</i> ratios (1.0, 1.2, 1.3, 1.7, 2.0, and ∞) and contact angles (θ = 15°, 75°, and 105°, corresponding to <i>f</i> = 3.0, 2.0, and 1.5) to address envelope geometries for a wide variety of viruses. The results indicate that initial condensation rates on surfaces with intermediate <i>p/d</i> ratios (e.g., 1.2-1.3) are significantly higher due to increased active surface area and droplet cluster formations. The rapid initial condensation fills up the gap between the pillars, reducing the active surface area and leading to a gradual decrease and a plateau in the condensation rate. The increased peak condensation rates are not observed as <i>p/d</i> increased to and above 1.7, as the exhibited behavior is like condensation on the unstructured surface. An increase in surface hydrophilicity (θ = 15°, <i>f</i> = 3.0) leads to faster nucleation and higher peak condensation rates compared to hydrophobic surfaces (θ = 105°, <i>f</i> = 1.5). The influence of viral envelope geometries and surface wettability on the heterogeneous condensation mechanisms offers foundational insights required to understand airborne biothreat transmission, which is particularly important in the atmosphere and respiratory tract, and improve biothreat detection methods utilizing condensation-based capture devices.",2025-05-03,10.1021/acsami.5c01789,2025/05/03
Predictive Value of Digestive Enzymes in Patients With Reflux-Induced Chronic Cough.,"To investigate the presence and clinical value of salivary elastase, pepsin, trypsin, cholesterol, and bile salts in the development of laryngopharyngeal reflux disease-related chronic cough (LPRD-CC).",2025-05-02,10.1002/ohn.1283,2025/05/03
Prediction of intrahepatic covalently closed circular DNA levels in patients with resolved hepatitis B virus infection: Impact of serum antibody to hepatitis B core antigen titers.,The correlation between intrahepatic covalently closed circular DNA (cccDNA) levels and serum hepatitis B virus (HBV) markers in patients with resolved HBV infection (hepatitis B surface antigen [HBsAg]-negative and antibody to hepatitis B core antigen [anti-HBc]-positive) is unclear. We therefore examined the utility of anti-HBc titers as a surrogate marker of intrahepatic cccDNA levels in patients with resolved HBV infections.,2024-12-02,10.1111/hepr.14146,2025/05/03
Computational Design of a Bicyclic Peptide Inhibitor Targeting the ICOS/ICOS-L Protein-Protein Interaction.,"The interaction between the inducible T-cell costimulatory molecule (ICOS) and its ligand (ICOS-L) is a critical pathway in T-cell activation and immune regulation. We computationally designed a bicyclic peptide (CP5) that inhibits the ICOS/ICOS-L protein-protein interaction (PPI). Using the structural insights derived from the ICOS/ICOS-L co-crystal structure (PDB: 6X4G) and bias-exchange metadynamics simulations (BE-META), we first designed monocyclic peptide candidates containing the β-strand (residues 51-55 <sup>51</sup>YVYWQ<sup>55</sup>) of ICOS-L that interact with ICOS. Using Rosetta's flex ddG calculations and further disulfide-bond restraint, we arrived at CP5 (cyclo-RVY[CQPGWC]WVLpG) as a potential ICOS/ICOS-L inhibitor. Using dynamic light scattering (DLS), we examined the interaction between CP5 and ICOS. Importantly, we validated the ICOS/ICOS-L inhibitory activity of CP5 using both TR-FRET assay and ELISA. Notably, CP5 demonstrated satisfactory in vitro pharmacokinetic properties, such as metabolic stability and lipophilicity, positioning it as a promising candidate for further drug development. Our findings provide a foundation for future drug discovery efforts aiming to develop cyclic peptides that specifically target the ICOS/ICOS-L interaction.",2025-05-03,10.1111/cbdd.70117,2025/05/03
Design of Experiments Approach for the Development of a Validated UPLC-Q-ToF/MS Method to Quantitate Soy-Derived Bioactive Peptide Lunasin in Rabbit Plasma: Application to a Pharmacokinetic Study.,"A novel ultraperformance liquid chromatography coupled with quadrupole time-of-flight mass spectrometric (UPLC-Q-ToF/MS) method for quantifying soy-derived bioactive peptide lunasin in rabbit plasma was developed using design of experiments (DoE) methodology. Lunasin and Neuropeptide Y as an internal standard (IS) were separated on a BEH-C18 column (50 mm × 2.1 mm, 1.7 μm particle size) using 0.1% formic acid solution and acetonitrile as mobile phase delivered for 9 min at a constant flow rate of 0.4 mL/min in gradient mode. The Q-ToF mass spectrometer, equipped with electrospray combined ionization (ESCi) interface, was operated in positive ion mode, and the quantifier ions of lunasin and IS were at m/z 838 and m/z 602, respectively. The lower limit of quantification (LLOQ) was 34.6 ng/mL, and the assay was linear over the concentration range 35-10,000 ng/mL. The accuracy was within a range from 86.7% to 88.9% in terms of mean recovery (R), and the intraday and interday precisions in terms of relative standard deviation (RSD) were < 2.65% and < 6.22%, respectively. The method was successfully applied to a pharmacokinetic study involving oral administration of lunasin-rich processed soybeans (6.56 and 19.1 g/kg) to rabbits.",2025-05-03,10.1002/bmc.70098,2025/05/03
